Aerospace and Defense,Aircraft Manufacturing
Aerospace and Defense,Aerospace Products and Parts
Aerospace and Defense,Aircraft Leasing
Aerospace and Defense,"Space Vehicles, Satellites and Related"
Aerospace and Defense,"Ordnance, Missiles, Weaponry and Related"
Automotive,Motor Vehicle Manufacturing
Automotive,"Truck, Bus and Big Rig Manufacturing"
Automotive,Automobile Parts Manufacturing
Automotive,Truck and Bus Parts Manufacturing
Automotive,Motor Vehicle Parts Suppliers
Automotive,Motor Vehicle Parking and Garages
Banks,Regional Banks
Banks,Savings Institutions
Banks,Credit Unions
Banks,Banking Transaction Processing
Banks,Credit Agencies
Banks,Short-term Business Loans and Credit
Banks,Commercial Banking 
"Civic, Non-Profit and Membership Groups",Social Services Institutions
"Civic, Non-Profit and Membership Groups",Charities
"Civic, Non-Profit and Membership Groups",Religious Organizations
"Civic, Non-Profit and Membership Groups",Labor Unions
"Civic, Non-Profit and Membership Groups",Public Policy Research and Advocacy
Chemicals,Medicinal Chemicals and Botanicals
Chemicals,Commodity Chemicals
Chemicals,Agricultural Chemicals
Chemicals,Diversified Chemicals
Chemicals,"Paints, Dyes, Varnishes and Lacquers"
Chemicals,Sealants and Adhesives
Chemicals,Asphalt and Roofing Materials
Chemicals,Specialty Chemicals
Chemicals,Plastic and Fiber Manufacturing
Computer Hardware,Office Supplies and Stationery Retail
Computer Hardware,POS and Electronic Retail Equipment
Computer Hardware,Printing and Imaging Equipment
Computer Hardware,Servers and Mainframes
Computer Hardware,Computer Storage Devices
Computer Hardware,Computer Monitors and Projectors
Computer Hardware,ATMs and Self-Service Kiosks
Computer Hardware,Routing and Switching Devices
Computer Hardware,Wireless Networking Equipment
Computer Hardware,Computer Networking Equipment
Computer Hardware,Network Security Devices
Computer Hardware,Computer Peripherals and Accessories
Computer Hardware,Semiconductors
Computer Software,Accounting and Tax Software
Computer Software,Agriculture Industry Software
Computer Software,Web Hosting Services
Computer Software,Application Service Providers (ASPs)
Computer Software,Financial Services Software
Computer Software,Automotive Industry Software
Computer Software,Billing and Service Provision Software
Computer Software,Budgeting and Forecasting Software
Computer Software,Business Intelligence Software
Computer Software,Casino Management Software
Computer Software,Catalog Management Software
Computer Software,Channel Partner Management Software
Computer Software,Collaborative Software
Computer Software,Construction and Architecture Software
Computer Software,Content Management Software
Computer Software,Customer Relationship Management
Computer Software,Database Management Software
Computer Software,Development Tools and Utilities Software
Computer Software,Distribution Software
Computer Software,Advertising Industry Software
Computer Software,E-commerce Software
Computer Software,Education and Training Software
Computer Software,"Engineering, Scientific and CAD Software"
Computer Software,Enterprise Application Integration (EAI)
Computer Software,Enterprise Resource Planning Software
Computer Software,Event Planning Industry Software
Computer Software,Food and Beverage Industry Software
Computer Software,Video Game Production
Computer Software,Health Care Management Software
Computer Software,Hotel Management Industry Software
Computer Software,Human Resources Software
Computer Software,Insurance Industry Software
Computer Software,Marketing Automation Software
Computer Software,Retail Management Software
Computer Software,Law Enforcement Industry Software
Computer Software,Legal Industry Software
Computer Software,Manufacturing and Industrial Software
Computer Software,"Message, Conference and Communications"
Computer Software,Multimedia and Graphics Software
Computer Software,Networking and Connectivity Software
Computer Software,Order Management Software
Computer Software,Procurement Software
Computer Software,Project Management Software
Computer Software,Purchasing Software
Computer Software,Quality Assurance Software
Computer Software,Real Estate Industry Software
Computer Software,Restaurant Industry Software
Computer Software,Data Warehousing
Computer Software,Sales Force Automation Software
Computer Software,Sales Intelligence Software
Computer Software,Service Industry Software
Computer Software,Security Software
Computer Software,Storage and Systems Management Software
Computer Software,Supply Chain and Logistics Software
Computer Software,Textiles Industry Software
Computer Software,Tourism Industry Software
Computer Software,Trading and Order Management Software
Computer Software,Warehousing Software
Computer Software,Transportation Industry Software
Computer Software,Wireless Communication Software
Construction and Building Materials,Apartment and Condominium Construction
Construction and Building Materials,Window and Door Manufacturing
Construction and Building Materials,Residential General Contractors
Construction and Building Materials,Single-Family Housing Builders
Construction and Building Materials,Non-Residential General Contractors
Construction and Building Materials,Heavy Construction
Construction and Building Materials,"Water, Sewer and Power Line"
Construction and Building Materials,Specialty Construction
Construction and Building Materials,Electrical Contractors
Construction and Building Materials,Architecture Services
Construction and Building Materials,Engineering Services
Construction and Building Materials,Construction Equipment Manufacturing
Construction and Building Materials,Plumbing and HVAC Equipment
Construction and Building Materials,Hardware Wholesalers
Construction and Building Materials,Construction Equipment Sales
Construction and Building Materials,Wood Products Manufacturing
Construction and Building Materials,Sawmills and Other Mill Operations
Construction and Building Materials,"Plywood, Veneer and Particle Board"
Construction and Building Materials,Prefabricated Buildings
Construction and Building Materials,"Aggregates, Concrete and Cement"
Construction and Building Materials,Construction Materials
Construction and Building Materials,"Ceramic, Tile, Roofing and Clay Products"
Construction and Building Materials,Consumer Product Manufacturing
Construction and Building Materials,Household Products
Construction and Building Materials,Tobacco Products and Distributors
Construction and Building Materials,Textile Products
Construction and Building Materials,Apparel
Construction and Building Materials,Children's Clothing
Construction and Building Materials,Men's Clothing
Construction and Building Materials,Women's Clothing
Construction and Building Materials,Fashion Accessories
Construction and Building Materials,"Cotton, Fiber and Silk Mills"
Construction and Building Materials,"Carpets, Rugs and Floor Coverings"
Construction and Building Materials,Household Furniture
Construction and Building Materials,Mattresses and Bed Manufacturers
Construction and Building Materials,Outdoor Furniture and Storage Products
Construction and Building Materials,Biological Products
Construction and Building Materials,Soaps and Detergents
Construction and Building Materials,Specialty Cleaning Products
Construction and Building Materials,"Perfumes, Cosmetics and Toiletries"
Construction and Building Materials,Footwear
Construction and Building Materials,Major Appliances
Construction and Building Materials,Watches and Clocks
Construction and Building Materials,Jewelry and Gemstones
Construction and Building Materials,Office Furniture and Fixtures
Construction and Building Materials,Paper Products
Construction and Building Materials,Leather Products
Construction and Building Materials,Pottery
Construction and Building Materials,Garden Equipment and Mowers
Construction and Building Materials,Home Furnishings
Construction and Building Materials,Collectibles and Giftware
Construction and Building Materials,Linens
Construction and Building Materials,Window Coverings and Wall Coverings
Construction and Building Materials,Baby Supplies and Accessories
Construction and Building Materials,Home Storage Products
Construction and Building Materials,Pet Products
Construction and Building Materials,Photographic Equipment and Supplies
Construction and Building Materials,Hand and Power Tools
Construction and Building Materials,"Dinnerware, Cookware and Cutlery"
Consumer Services,Personal Products
Consumer Services,Child Care Services
Consumer Services,Personal Services
Consumer Services,Motor Vehicle Repair and Servicing
Consumer Services,Motor Vehicle Rental and Leasing
Consumer Services,Death Care Products and Services
Consumer Services,Beauty Salons
Consumer Services,Laundry and Dry Cleaning Services
Consumer Services,Photographic Services
Consumer Services,Travel and Tourism
Consumer Services,Veterinary Care
Consumer Services,Weight and Health Management
Consumer Services,"Gym, Spa and Fitness"
Corporate Services,Commercial Printing Services
Corporate Services,Services for the Printing Trade
Corporate Services,Commercial Design Services
Corporate Services,Direct Marketing
Corporate Services,Sales Promotion
Corporate Services,Executive Search
Corporate Services,Online Staffing and Recruitment Services
Corporate Services,Talent and Modeling Agencies
Corporate Services,Human Resources and Staffing
Corporate Services,Outsourced Human Resources Services
Corporate Services,Integrated Computer Systems Design
Corporate Services,Programming and Data Processing Services
Corporate Services,Records Management Services
Corporate Services,Computer Facilities
Corporate Services,Computer Related Services
Corporate Services,Uniform Supplies
Corporate Services,Detective and Security Services
Corporate Services,Business Services
Corporate Services,Legal Services
Corporate Services,Mediation and Arbitration
Corporate Services,Management Consulting
Corporate Services,IT Services and Consulting
Corporate Services,Marketing and Advertising
Corporate Services,Advertising Agencies
Corporate Services,Billboards and Outdoor Advertising
Corporate Services,Equipment Rental and Leasing
Corporate Services,Repair and Maintenance Services
Corporate Services,Testing Lab and Scientific Research
Corporate Services,Auctions and Internet Auctions
Corporate Services,Public Relations
Corporate Services,Market Research Services
Corporate Services,"Trade Show, Event Planning and Support"
Corporate Services,Cleaning and Facilities Management
Agriculture and Forestry,Fruits and Vegetables Farming
Agriculture and Forestry,Grains Farming
Agriculture and Forestry,Livestock and Husbandry
Agriculture and Forestry,Agriculture Services
Agriculture and Forestry,Forestry and Logging
Agriculture and Forestry,Fishing and Aquaculture
Agriculture and Forestry,Farming Materials and Supplies
Agriculture and Forestry,Agricultural Machinery and Equipment
Electronics,Electronic Components and Accessories
Electronics,Printed Circuit Boards
Electronics,Electronic Coils and Transformers
Electronics,Electronic Connectors
Electronics,Miscellaneous Electrical Equipment
Electronics,Magnetic and Optical Recording
Electronics,Electric Testing Equipment
Electronics,Consumer Electronics
Electronics,Sound and Lighting Equipment
Electronics,Heavy Electrical Equipment
Electronics,Electronic Gaming Products
Energy and Environmental,Energy Equipment
Energy and Environmental,Crude Petroleum Production
Energy and Environmental,Oil and Gas Production and  Exploration
Energy and Environmental,Oil and Gas Field Services
Energy and Environmental,Oil and Gas Refining
Energy and Environmental,Oil and Gas Transport and Storage
Energy and Environmental,Liquefied Petroleum Gas Dealers
Energy and Environmental,Oil and Gas Equipment
Energy and Environmental,Petroleum Pipelines
Energy and Environmental,Electricity Transmission
Energy and Environmental,Electric Utilities
Energy and Environmental,Electricity Distribution
Energy and Environmental,Coal Energy Generation
Energy and Environmental,Hydroelectric Power Generation
Energy and Environmental,Nuclear Power Generation
Energy and Environmental,Cogeneration and Small Power Producers
Energy and Environmental,Natural Gas Pipelines
Energy and Environmental,Natural Gas Transmission
Energy and Environmental,Natural Gas Utilities
Energy and Environmental,Multiline Utilities
Energy and Environmental,Water Supply and Utilities
Energy and Environmental,Sanitation Services
Energy and Environmental,Solid Waste and Refuse Systems
Energy and Environmental,Hazardous Waste Management
Energy and Environmental,Wholesale Petroleum and Related Products
Energy and Environmental,Alternative Energy Sources
Energy and Environmental,Energy Trading and Marketing
Energy and Environmental,Energy Exchanges
Energy and Environmental,Environmental Services
Energy and Environmental,Remediation and Environmental Cleanup
Energy and Environmental,Recycling Services
Energy and Environmental,Wastewater Treatment
Financial Services,Investment Services and Advice
Financial Services,Diversified Financial Services
Financial Services,Specialty Financial Services
Financial Services,"Accounting, Tax, Bookkeeping and Payroll"
Financial Services,Asset Management
Financial Services,Pension and Retirement Funds
Financial Services,Electronic Communications Networks
Financial Services,Mortgage Banking
Financial Services,Securities Brokers and Traders 
Financial Services,"Currency, Commodity and Futures Trading"
Financial Services,Currency and Forex Brokers
Financial Services,Blank Check Companies
Financial Services,Miscellaneous Investment Firms
Financial Services,Patent Owners and Lessors
Financial Services,Investment Banking
Financial Services,Investment Trusts 
Financial Services,Venture Capital
Financial Services,Investment Management and Fund Operators
Financial Services,Diversified Lending
Financial Services,Credit Cards
Financial Services,Forfeiting and Factoring
Financial Services,Market Makers and Trade Clearing
Financial Services,Stock Exchanges
Financial Services,Trade Facilitation
Financial Services,Credit and Collection Services
Financial Services,Consumer Credit Reporting
Financial Services,Claims Administration and Processing
Financial Services,Electronic Payment Systems
Financial Services,Financial Transaction Settlement
Food and Beverage,Food Products
Food and Beverage,Meat Packing and Meat Products
Food and Beverage,Poultry
Food and Beverage,Dairy Products
Food and Beverage,Canned and Frozen Fruits and Vegetables
Food and Beverage,"Flours, Sugar and Mixes"
Food and Beverage,Pastas and Cereals
Food and Beverage,Baked Goods
Food and Beverage,Processed Food Products
Food and Beverage,Candy and Confections
Food and Beverage,Food Oils
Food and Beverage,Breweries
Food and Beverage,"Flavorings, Spices and Other Ingredients"
Food and Beverage,Food Wholesale Distributors
Food and Beverage,Non-Alcoholic Beverages
Food and Beverage,Fresh and Frozen Seafood
Food and Beverage,Beverage Distillers
Food and Beverage,Alcoholic Beverage Distribution
Government,Federal Government Agencies
Government,"State, Provincial or Regional Government"
Government,Executive Government Offices
Government,Legislatures
Government,International Government Agencies
Hospitals and Healthcare,Medical Practice Management and Services
Hospitals and Healthcare,General Physicians and Clinics
Hospitals and Healthcare,Dentists
Hospitals and Healthcare,Nursing Homes and Extended Care
Hospitals and Healthcare,General Medical and Surgical Hospitals
Hospitals and Healthcare,Psychiatric Hospitals
Hospitals and Healthcare,Other Specialty Hospitals
Hospitals and Healthcare,Medical and Dental Laboratories
Hospitals and Healthcare,Home Healthcare
Hospitals and Healthcare,Ophthalmic Equipment
Hospitals and Healthcare,Surgical and Medical Devices
Hospitals and Healthcare,Orthopedic and Prosthetic Equipment
Hospitals and Healthcare,Dental Equipment and Supplies
Hospitals and Healthcare,X-ray Equipment
Hospitals and Healthcare,General Healthcare Equipment
Hospitals and Healthcare,Managed Health Care
Holding Companies,Industrial Conglomerates
Industrial Manufacturing and Services,Paper Board and Paper Products
Industrial Manufacturing and Services,"Pulp, Paper and Paperboard Mills"
Industrial Manufacturing and Services,Paper Containers and Packaging
Industrial Manufacturing and Services,Recycled and Converted Paper Products
Industrial Manufacturing and Services,"Plastics, Foil and Coated Paper Bags"
Industrial Manufacturing and Services,Stationery and Related Products
Industrial Manufacturing and Services,Plastic Materials and Synthetic Resins
Industrial Manufacturing and Services,Petroleum Products
Industrial Manufacturing and Services,Tires and Inner Tubes
Industrial Manufacturing and Services,Gaskets and Sealing Devices
Industrial Manufacturing and Services,Fabricated Rubber Products
Industrial Manufacturing and Services,Flat Glass
Industrial Manufacturing and Services,Glass Products
Industrial Manufacturing and Services,Heating Equipment
Industrial Manufacturing and Services,Screw Machines
Industrial Manufacturing and Services,"Bolts, Nuts, Screws, Rivets and Washers"
Industrial Manufacturing and Services,Fabricated Wire Products
Industrial Manufacturing and Services,Engines and Turbines
Industrial Manufacturing and Services,Metalworking Machinery
Industrial Manufacturing and Services,Printing Press Machinery
Industrial Manufacturing and Services,Specialty Industrial Machinery
Industrial Manufacturing and Services,Industrial Equipment and Machinery
Industrial Manufacturing and Services,Pumping Equipment
Industrial Manufacturing and Services,Ball Bearings and Roller Bearing
Industrial Manufacturing and Services,Industrial Fans
Industrial Manufacturing and Services,Industrial Furnaces and Ovens
Industrial Manufacturing and Services,Building Climate Control and HVAC
Industrial Manufacturing and Services,Power Distribution and Transformers
Industrial Manufacturing and Services,Switching and Switchboard Equipment
Industrial Manufacturing and Services,Motors and Generators
Industrial Manufacturing and Services,Relays and Industrial Controls
Industrial Manufacturing and Services,Electric Lighting and Wiring
Industrial Manufacturing and Services,Laboratory Equipment
Industrial Manufacturing and Services,Industrial Measurement Devices
Industrial Manufacturing and Services,Totalizing Fluid Meters
Industrial Manufacturing and Services,Measuring Devices and Controllers
Industrial Manufacturing and Services,Commercial Equipment and Supplies
Industrial Manufacturing and Services,Industrial Machinery Distribution
Industrial Manufacturing and Services,Air and Gas Compressors
Industrial Manufacturing and Services,Insurance
Industrial Manufacturing and Services,Risk Management
Industrial Manufacturing and Services,Life Insurance
Industrial Manufacturing and Services,Multiline Insurance
Industrial Manufacturing and Services,Workers' Compensation
Industrial Manufacturing and Services,Health Insurance
Industrial Manufacturing and Services,Property and Casualty Insurance
Industrial Manufacturing and Services,Fire and Marine Insurance
Industrial Manufacturing and Services,Automobile Insurance
Industrial Manufacturing and Services,Credit Insurance
Industrial Manufacturing and Services,Surety Insurance
Industrial Manufacturing and Services,Commercial Insurance
Industrial Manufacturing and Services,Liability Insurance
Industrial Manufacturing and Services,Mortgage Insurance
Industrial Manufacturing and Services,Homeowners and Title Insurance
Industrial Manufacturing and Services,Reinsurance
Industrial Manufacturing and Services,Specialty Insurance
Industrial Manufacturing and Services,Insurance Agents and Brokers
Industrial Manufacturing and Services,"Leisure, Sports and Recreation"
Industrial Manufacturing and Services,Bicycles and Accessories
Industrial Manufacturing and Services,Accommodation
Industrial Manufacturing and Services,Musical Instruments
Industrial Manufacturing and Services,Games and Toys
Industrial Manufacturing and Services,"Sporting Goods, Outdoor Gear and Apparel"
Industrial Manufacturing and Services,Sports Equipment
Industrial Manufacturing and Services,Casinos and Gambling
Industrial Manufacturing and Services,Art Supplies
Industrial Manufacturing and Services,Hotels and Motels
Industrial Manufacturing and Services,Museums and Art Galleries
Industrial Manufacturing and Services,Performing Arts
Industrial Manufacturing and Services,Amusement and Recreation
Industrial Manufacturing and Services,Professional Sports Teams
Industrial Manufacturing and Services,Racetracks
Industrial Manufacturing and Services,Athletic Facilities
Industrial Manufacturing and Services,Sports and Recreations Clubs
Industrial Manufacturing and Services,Media
Industrial Manufacturing and Services,Diversified Media
Industrial Manufacturing and Services,Newspapers and Online News Organizations
Industrial Manufacturing and Services,Magazine Publishers
Industrial Manufacturing and Services,Book Publishers
Industrial Manufacturing and Services,Directories and Yellow Pages Publishers
Industrial Manufacturing and Services,Greeting Cards
Industrial Manufacturing and Services,Trading Cards and Comic Books
Industrial Manufacturing and Services,Music Production and Distribution
Industrial Manufacturing and Services,Radio and Online Music Broadcasting
Industrial Manufacturing and Services,Television Broadcasting
Industrial Manufacturing and Services,Cable Television Networks
Industrial Manufacturing and Services,Cable and Satellite Services
Industrial Manufacturing and Services,Movie and TV Broadcasting Equipment
Industrial Manufacturing and Services,Audiovisual Equipment Sales and Services
Industrial Manufacturing and Services,CD and Other Optical Discs Production
Industrial Manufacturing and Services,Motion Picture Theaters
Industrial Manufacturing and Services,Movie Production and Distribution
Industrial Manufacturing and Services,Internet Information Services
Industrial Manufacturing and Services,Internet Content Providers
Industrial Manufacturing and Services,Internet Search and Navigation Services
Industrial Manufacturing and Services,Mining and Metals
Industrial Manufacturing and Services,Precious Metals and Minerals
Industrial Manufacturing and Services,Specialty Mining and Metals
Industrial Manufacturing and Services,Gold and Silver Mining
Industrial Manufacturing and Services,Diversified Metals and Mining
Industrial Manufacturing and Services,Coal Mining
Industrial Manufacturing and Services,Non-Metallic Mining and Quarrying
Industrial Manufacturing and Services,Concrete and Gypsum
Industrial Manufacturing and Services,Stone Products
Industrial Manufacturing and Services,"Steel Works, Furnaces and Coke Ovens"
Industrial Manufacturing and Services,Steel Pipes and Tubes
Industrial Manufacturing and Services,Iron and Steel Foundries
Industrial Manufacturing and Services,Metal Smelting and Refining
Industrial Manufacturing and Services,Aluminum Mining and Foundries
Industrial Manufacturing and Services,Metal Rolling and Extruding
Industrial Manufacturing and Services,Non-Ferrous Foundries
Industrial Manufacturing and Services,Miscellaneous Metal Products
Industrial Manufacturing and Services,Metal Cans
Industrial Manufacturing and Services,"Shipping Barrels, Drums, Kegs and Pails"
Industrial Manufacturing and Services,Fabricated Structural Metal
Industrial Manufacturing and Services,Sheet Metal
Industrial Manufacturing and Services,Metal Forgings
Industrial Manufacturing and Services,Coating and Engravings
Industrial Manufacturing and Services,Mining and Quarrying Machinery
Industrial Manufacturing and Services,Machine Tools and Metal Equipment
Industrial Manufacturing and Services,Metals and Minerals Distribution
Industrial Manufacturing and Services,Pharmaceuticals and Biotechnology
Industrial Manufacturing and Services,Diversified Pharmaceuticals
Industrial Manufacturing and Services,Generic Pharmaceuticals
Industrial Manufacturing and Services,Drug Delivery Systems
Industrial Manufacturing and Services,Diagnostic Substances
Industrial Manufacturing and Services,Pharmaceuticals Wholesale
Industrial Manufacturing and Services,Scientific Research Services
Industrial Manufacturing and Services,Biopharmaceuticals and Biotherapeutics
Industrial Manufacturing and Services,Biotechnology Research Equipment
Industrial Manufacturing and Services,Biotechnology Research
Industrial Manufacturing and Services,Real Estate
Industrial Manufacturing and Services,Real Estate Development
Industrial Manufacturing and Services,Real Estate Operating Company (REOC)
Industrial Manufacturing and Services,Real Estate Property Management
Industrial Manufacturing and Services,Mobile Home Parks
Industrial Manufacturing and Services,Real Estate Leasing
Industrial Manufacturing and Services,Real Estate Appraisers
Industrial Manufacturing and Services,Real Estate Brokers
Industrial Manufacturing and Services,Real Estate Investment Trusts (REITs)
Industrial Manufacturing and Services,Other Real Estate Investors
Industrial Manufacturing and Services,Office REITs
Industrial Manufacturing and Services,Health Care REITs
Industrial Manufacturing and Services,Hotel and Motel REITs
Industrial Manufacturing and Services,Industrial REITs
Industrial Manufacturing and Services,Residential REITs
Industrial Manufacturing and Services,Retail REITs
Industrial Manufacturing and Services,Leisure and Entertainment REITs
Industrial Manufacturing and Services,Mortgage REITs
Industrial Manufacturing and Services,Land REITs
Industrial Manufacturing and Services,Title abstract offices
Industrial Manufacturing and Services,Retail
Industrial Manufacturing and Services,Building Materials Retail
Industrial Manufacturing and Services,Lumber Retail
Industrial Manufacturing and Services,Home Improvement and Hardware Stores
Industrial Manufacturing and Services,Mobile Home Dealers
Industrial Manufacturing and Services,Department Stores
Industrial Manufacturing and Services,Discount and Variety Stores
Industrial Manufacturing and Services,General Retailers
Industrial Manufacturing and Services,Warehouse Clubs and Superstores
Industrial Manufacturing and Services,Hyper and Supermarkets
Industrial Manufacturing and Services,Mini Markets
Industrial Manufacturing and Services,Convenience Stores and Gas Stations
Industrial Manufacturing and Services,Motor Vehicle Dealers
Industrial Manufacturing and Services,Boat Retail
Industrial Manufacturing and Services,Apparel Retail
Industrial Manufacturing and Services,Internet Retail
Industrial Manufacturing and Services,Women's Clothing Retail
Industrial Manufacturing and Services,"Perfume, Cosmetics and Toiletries Retail"
Industrial Manufacturing and Services,Footwear Retail
Industrial Manufacturing and Services,Home Furnishing Retail
Industrial Manufacturing and Services,Furniture Retail
Industrial Manufacturing and Services,Electronics Retail
Industrial Manufacturing and Services,Computer and Software Retail
Industrial Manufacturing and Services,Musical Equipment Retail
Industrial Manufacturing and Services,"Restaurants, Bars and Eateries"
Industrial Manufacturing and Services,Specialty Retailers
Industrial Manufacturing and Services,Pharmacies and Drug Stores
Industrial Manufacturing and Services,Sports and Recreational Equipment Retail
Industrial Manufacturing and Services,"Music, Video and Book Retail"
Industrial Manufacturing and Services,Jewelry and Gemstone Retail
Industrial Manufacturing and Services,Clock and Watch Retail
Industrial Manufacturing and Services,"Hobby, Toy and Game Stores"
Industrial Manufacturing and Services,"Arts, Gifts and Novelties Retail"
Industrial Manufacturing and Services,Florists and Nurseries
Industrial Manufacturing and Services,Mail and Catalog Order Retail
Industrial Manufacturing and Services,Party and Supply Stores
Industrial Manufacturing and Services,Schools and Education
Industrial Manufacturing and Services,Educational Services
Industrial Manufacturing and Services,Elementary and Secondary Schools
Industrial Manufacturing and Services,Colleges and Universities
Industrial Manufacturing and Services,Training Institutions and Services
Industrial Manufacturing and Services,Libraries
Industrial Manufacturing and Services,Vocational and Technical Schools
Industrial Manufacturing and Services,Internet Educational Services
Industrial Manufacturing and Services,Telecommunications
Industrial Manufacturing and Services,Wireless Network Operators
Industrial Manufacturing and Services,Telecommunications Services
Industrial Manufacturing and Services,Local Exchange Carriers
Industrial Manufacturing and Services,Long-Distance Carriers
Industrial Manufacturing and Services,Telecommunications Resellers
Industrial Manufacturing and Services,Wired Telecommunications Carriers
Industrial Manufacturing and Services,Internet and Online Services Providers
Industrial Manufacturing and Services,Managed Network Services
Industrial Manufacturing and Services,Messaging Services Providers
Industrial Manufacturing and Services,Teleconferencing Services Providers
Industrial Manufacturing and Services,Telemetry and Telematics Services
Industrial Manufacturing and Services,Telecommunications Equipment
Industrial Manufacturing and Services,Telecom Switching and Transmission
Industrial Manufacturing and Services,Videoconferencing Equipment
Industrial Manufacturing and Services,Satellite and Broadcasting Equipment
Industrial Manufacturing and Services,Transportation
Industrial Manufacturing and Services,Ship and Boat Repair
Industrial Manufacturing and Services,Ship and Boat manufacturing
Industrial Manufacturing and Services,Railroad Equipment Manufacturing
Industrial Manufacturing and Services,Ferries and Water Transport
Industrial Manufacturing and Services,Marine Shipping
Industrial Manufacturing and Services,Airlines and Scheduled Air Transport
Industrial Manufacturing and Services,Air Freight Transportation
Industrial Manufacturing and Services,Non-Scheduled and Charter Air Transport
Industrial Manufacturing and Services,Airport and Terminal Management
Industrial Manufacturing and Services,Bus Services
Industrial Manufacturing and Services,Taxi and Limousine Services
Industrial Manufacturing and Services,Helicopter Services
Industrial Manufacturing and Services,Highways and Toll Road Management
Industrial Manufacturing and Services,Storage and Warehousing
Industrial Manufacturing and Services,Postal Services
Industrial Manufacturing and Services,Container Leasing
Industrial Manufacturing and Services,Freight Railroads
Industrial Manufacturing and Services,Passenger Railroads
Industrial Manufacturing and Services,Truck Transportation and Services
Industrial Manufacturing and Services,Moving Services
Industrial Manufacturing and Services,"Courier, Messenger and Delivery Services"
Industrial Manufacturing and Services,Truck Rental and Leasing
Industrial Manufacturing and Services,Railroad Terminal Management
Industrial Manufacturing and Services,"Ports, Harbors and Marinas"
Industrial Manufacturing and Services,Terminal Facilities For Motor Vehicles
Industrial Manufacturing and Services,Political Organizations
Industrial Manufacturing and Services,Business Associations
Industrial Manufacturing and Services,Environmental and Wildlife Organizations
Industrial Manufacturing and Services,Carpentry and Floor Work
Industrial Manufacturing and Services,Central Banks
Industrial Manufacturing and Services,National Security
Industrial Manufacturing and Services,Integrated Healthcare Networks
Industrial Manufacturing and Services,Ambulance Services
Industrial Manufacturing and Services,Substance Abuse Rehabilitation Centers
Industrial Manufacturing and Services,Medical Schools
Industrial Manufacturing and Services,Emergency Medical Services
Industrial Manufacturing and Services,Children's Hospitals
Industrial Manufacturing and Services,Specialty Surgical Hospitals
Industrial Manufacturing and Services,County Governments
Industrial Manufacturing and Services,"Cities, Towns and Municipalities"
Industrial Manufacturing and Services,Villages and Small Municipalities
Industrial Manufacturing and Services,Fire Protection
Industrial Manufacturing and Services,Police Protection
Industrial Manufacturing and Services,Courts of Law
Industrial Manufacturing and Services,Correctional Facilities
Industrial Manufacturing and Services,Conservation Districts
Industrial Manufacturing and Services,Finance Authorities
Industrial Manufacturing and Services,Healthcare Districts
Industrial Manufacturing and Services,Housing Authorities
Industrial Manufacturing and Services,Industrial Development Authorities
Industrial Manufacturing and Services,Park and Recreation Districts
Industrial Manufacturing and Services,Planning and Development Authorities
Industrial Manufacturing and Services,Sanitary and Sewage Districts
Industrial Manufacturing and Services,School and Public Building Authorities
Industrial Manufacturing and Services,School Districts
Industrial Manufacturing and Services,Special Districts
Industrial Manufacturing and Services,Transportation Authorities
Industrial Manufacturing and Services,Waste Management Districts
Industrial Manufacturing and Services,Military Vehicles Manufacturing
Industrial Manufacturing and Services,Aerospace Research and Development
Industrial Manufacturing and Services,Foundations
Industrial Manufacturing and Services,Humanitarian and Emergency Relief
Industrial Manufacturing and Services,Community Colleges
Industrial Manufacturing and Services,Graduate and Professional Schools
Industrial Manufacturing and Services,Ship and Boat Parts Manufacturing
Industrial Manufacturing and Services,Marine Transportation Support
Industrial Manufacturing and Services,Shipping Equipment
Industrial Manufacturing and Services,Locomotive and Rail Car Manufacturing
Industrial Manufacturing and Services,Railroads and Rail Tracks Maintenance
Industrial Manufacturing and Services,Cardiologists
Industrial Manufacturing and Services,Chiropractors
Industrial Manufacturing and Services,Dermatologists
Industrial Manufacturing and Services,Obstetricians and Gynecologists
Industrial Manufacturing and Services,Ophthalmologists and Optometrists
Industrial Manufacturing and Services,Pediatricians
Industrial Manufacturing and Services,Mental Health Practitioners
Industrial Manufacturing and Services,Radiology Services
Industrial Manufacturing and Services,Oncology Services
Industrial Manufacturing and Services,Orthopedic Services
Industrial Manufacturing and Services,Podiatrists
Industrial Manufacturing and Services,Assisted Living Facilities
Industrial Manufacturing and Services,Hospice Services
Industrial Manufacturing and Services,Diagnostic Imaging Centers
Industrial Manufacturing and Services,Blood and Organ Banks
Industrial Manufacturing and Services,Kidney Dialysis Centers
Industrial Manufacturing and Services,Fertility Clinics
Industrial Manufacturing and Services,Electromedical and Therapeutic Equipment
Industrial Manufacturing and Services,Family Planning Clinics
Industrial Manufacturing and Services,Urgent Care Centers
Industrial Manufacturing and Services,Physical Therapy Facilities
Industrial Manufacturing and Services,Law Schools
Industrial Manufacturing and Services,Document Management Software
Industrial Manufacturing and Services,File Management Software
Industrial Manufacturing and Services,Desktop Publishing Software
Industrial Manufacturing and Services,Defense and Military Software
Industrial Manufacturing and Services,Banking Software
Industrial Manufacturing and Services,Mobile Application Developers
Industrial Manufacturing and Services,Telecommunication Software
Industrial Manufacturing and Services,Pharma and Biotech Software
Industrial Manufacturing and Services,Smart Home Software
Industrial Manufacturing and Services,Electronics Industry Software
Industrial Manufacturing and Services,Management Consulting Software
Industrial Manufacturing and Services,Operating System Software
Industrial Manufacturing and Services,Analytics and Reporting Software
Industrial Manufacturing and Services,Mobile Application Software
Industrial Manufacturing and Services,Computer-Aided Manufacturing Software
Industrial Manufacturing and Services,Compliance and Governance Software
Industrial Manufacturing and Services,Automated Teller Machine Operators
Industrial Manufacturing and Services,"Trust, Fiduciary and Custody Activities"
Industrial Manufacturing and Services,Offshore Banks
Industrial Manufacturing and Services,Islamic Banks
Industrial Manufacturing and Services,Landesbanken
Industrial Manufacturing and Services,Pulses and Legume Farming
Industrial Manufacturing and Services,Oilseeds Farming
Industrial Manufacturing and Services,"Coffee, Tea and Cocoa Farming"
Industrial Manufacturing and Services,Cotton and Textile Farming
Industrial Manufacturing and Services,Sericulture and Beekeeping
Industrial Manufacturing and Services,Horticulture
Industrial Manufacturing and Services,Agricultural Product Distribution
Industrial Manufacturing and Services,Gardening Supplies
Industrial Manufacturing and Services,Fine Chemicals
Industrial Manufacturing and Services,Industrial Fluid Manufacturing
Industrial Manufacturing and Services,Explosives and Petrochemicals
Industrial Manufacturing and Services,Polymers and Films
Industrial Manufacturing and Services,Credit Rating Agency
Industrial Manufacturing and Services,Private Equity
Industrial Manufacturing and Services,Crowdfunding
Industrial Manufacturing and Services,Mortgage Brokers
Industrial Manufacturing and Services,Disability Insurance
Industrial Manufacturing and Services,Hedge Funds
Industrial Manufacturing and Services,Royalty Trusts
Industrial Manufacturing and Services,Leveraged Finance
Industrial Manufacturing and Services,Mobile Payment Systems
Industrial Manufacturing and Services,Electronic Funds Transfer
Industrial Manufacturing and Services,Credit Intermediation
Industrial Manufacturing and Services,Financial Leasing Companies
Industrial Manufacturing and Services,Irrigation and Drainage Districts
Industrial Manufacturing and Services,Travel Insurance
Industrial Manufacturing and Services,Insurance Financing
Industrial Manufacturing and Services,Wineries
Industrial Manufacturing and Services,Beverage Bottling
Industrial Manufacturing and Services,Ice creams and Frozen Desserts
Industrial Manufacturing and Services,Coffee and Tea Manufacturers
Industrial Manufacturing and Services,Fruits and Nuts
Industrial Manufacturing and Services,Food and Beverage Processing Machinery
Industrial Manufacturing and Services,Infant food
Industrial Manufacturing and Services,Cemetery Developers and Operators
Industrial Manufacturing and Services,Dietary supplements
Industrial Manufacturing and Services,Pet Food Products
Industrial Manufacturing and Services,Social Media
Industrial Manufacturing and Services,Motion Picture Post-Production Services
Industrial Manufacturing and Services,Vending Machines
Industrial Manufacturing and Services,Consumer Electronics Repair Services
Industrial Manufacturing and Services,Infrastructure Construction
Industrial Manufacturing and Services,Oil and Gas Pipeline Construction
Industrial Manufacturing and Services,Specialty Trade Contractors
Industrial Manufacturing and Services,Metal Ore Mining
Industrial Manufacturing and Services,"Limestone, Granite and Stone"
Industrial Manufacturing and Services,Sand And Gravel
Industrial Manufacturing and Services,Diamond and Other Precious Stone Mining
Industrial Manufacturing and Services,Industrial Contractors
Industrial Manufacturing and Services,"Steel Wire Drawing, Nails and Spikes"
Industrial Manufacturing and Services,Injection Molding and Die Casting
Industrial Manufacturing and Services,Costume Makers
Industrial Manufacturing and Services,Handheld Devices and Smartphones
Industrial Manufacturing and Services,Desktop and Laptop Computers
Industrial Manufacturing and Services,Wind Power Generation
Industrial Manufacturing and Services,Fashion Accessories Retail
Industrial Manufacturing and Services,Children's Clothing Retail
Industrial Manufacturing and Services,Men's Clothing Retail
Industrial Manufacturing and Services,Appliances Retail
Industrial Manufacturing and Services,Maternity and Baby Supplies Retail
Industrial Manufacturing and Services,Pet Shops
Industrial Manufacturing and Services,"Beer, Wine, and Liquor Retail"
Industrial Manufacturing and Services,Vending Machines and Automated Kiosks
Industrial Manufacturing and Services,"Dinnerware, Cookware and Cutlery Retail"
Industrial Manufacturing and Services,Luggage and Leather Goods Stores
Industrial Manufacturing and Services,Tobacco and Pipe Stores
Industrial Manufacturing and Services,Landscaping and Gardening Services
Industrial Manufacturing and Services,Carpenters
Industrial Manufacturing and Services,Electricians
Industrial Manufacturing and Services,Plumbing Services
Industrial Manufacturing and Services,Catering Services
Industrial Manufacturing and Services,Wedding Planners
Industrial Manufacturing and Services,Transcription Services
Industrial Manufacturing and Services,Translation Services
Industrial Manufacturing and Services,Data and Analytics Services
Industrial Manufacturing and Services,Call Centers
Industrial Manufacturing and Services,Security and Alarm Systems
Industrial Manufacturing and Services,Neurologists
Industrial Manufacturing and Services,Cosmetic Surgery
Industrial Manufacturing and Services,Anesthesiologists
Industrial Manufacturing and Services,Regional Promotion Agencies
Industrial Manufacturing and Services,Endowment Funds
Industrial Manufacturing and Services,"Convention Centers, Arenas, and Stadiums"
Industrial Manufacturing and Services,Solar Power Generation
Industrial Manufacturing and Services,Guns and Ammunition
Industrial Manufacturing and Services,Internet Gaming Arcades
Industrial Manufacturing and Services,Zoos and Parks
Industrial Manufacturing and Services,Amusement Parks and Theme Parks
Industrial Manufacturing and Services,Cruise Lines
Industrial Manufacturing and Services,Golf Courses and Country Clubs
Industrial Manufacturing and Services,Ski Resorts
Industrial Manufacturing and Services,Specialty Pharmaceuticals
Industrial Manufacturing and Services,Veterinary Drugs
Industrial Manufacturing and Services,Life Sciences Research and Development